season,Date,Opp,Result,MP,game_number,total_minutes,PTS,FG,FGA,FT,FTA,2P,2PA,3P,3PA,AST,STL,BLK,TOV,Plus_minus,injury_flag,rolling_5_avg_minutes,rolling_10_avg_minutes,cumulative_minutes,acwr,true_shooting_pct,three_point_pct,plus_minus_num,rolling_5_ts_pct,rolling_5_3p_pct,rolling_5_plus_minus,season_avg_ts_pct,healthy_game_number,season_avg_3p_pct,load_bucket,season_third,fatigue_flag
2022-23,2022-10-18,LAL,W 123-109,32:48:00,1,32.8,33,10,22,9,9,6,9,4,13,7,4,1,4,20,Healthy,32.8,32.8,32.8,1.0,0.636,0.308,20.0,0.636,0.308,20.0,0.659,1,0.428,1: 0-999 min,First third,Normal
2022-23,2022-10-21,DEN,L 123-128,35:55:00,2,35.9,34,10,22,9,9,5,11,5,11,4,0,0,3,9,Healthy,34.4,34.4,68.7,1.0,0.655,0.455,9.0,0.645,0.381,14.5,0.659,2,0.428,1: 0-999 min,First third,Normal
2022-23,2022-10-23,SAC,W 130-125,31:21:00,3,31.4,33,11,22,4,4,4,10,7,12,2,1,0,2,19,Healthy,33.4,33.4,100.1,1.0,0.694,0.583,19.0,0.662,0.449,16.0,0.659,3,0.428,1: 0-999 min,First third,Normal
2022-23,2022-10-25,PHO,L 105-134,29:55:00,4,29.9,21,7,17,3,5,3,8,4,9,8,1,0,1,-17,Healthy,32.5,32.5,130.0,1.0,0.547,0.444,-17.0,0.633,0.448,7.8,0.659,4,0.428,1: 0-999 min,First third,Normal
2022-23,2022-10-27,MIA,W 123-110,36:57:00,5,37.0,33,13,22,0,0,6,8,7,14,9,1,0,3,13,Healthy,33.4,33.4,167.0,1.0,0.75,0.5,13.0,0.656,0.458,8.8,0.659,5,0.428,1: 0-999 min,First third,Normal
2022-23,2022-10-29,CHO,L 113-120 (OT),38:54:00,6,38.9,31,10,22,8,8,7,9,3,13,6,1,0,2,-6,Healthy,34.6,34.3,205.9,1.01,0.607,0.231,-6.0,0.651,0.443,3.6,0.659,6,0.428,1: 0-999 min,First third,Normal
2022-23,2022-10-30,DET,L 114-128,34:58:00,7,35.0,32,10,24,8,9,6,10,4,14,3,2,0,1,-12,Healthy,34.4,34.4,240.9,1.0,0.572,0.286,-12.0,0.634,0.409,-0.6,0.659,7,0.428,1: 0-999 min,First third,Normal
2022-23,2022-11-01,MIA,L 109-116,34:30:00,8,34.5,23,7,14,5,5,3,4,4,10,13,1,0,5,3,Healthy,35.1,34.4,275.4,1.02,0.71,0.4,3.0,0.637,0.372,-3.8,0.659,8,0.428,1: 0-999 min,First third,Normal
2022-23,2022-11-03,ORL,L 129-130,38:20:00,9,38.3,39,13,22,5,5,5,7,8,15,9,0,0,5,4,Healthy,36.7,34.9,313.7,1.05,0.806,0.533,4.0,0.689,0.39,0.4,0.659,9,0.428,1: 0-999 min,First third,Normal
2022-23,2022-11-07,SAC,W 116-113,37:43:00,11,37.7,47,17,24,6,7,10,12,7,12,8,0,0,0,20,Healthy,36.9,35.1,351.4,1.05,0.868,0.583,20.0,0.713,0.407,1.8,0.659,10,0.428,1: 0-999 min,First third,Normal
2022-23,2022-11-11,CLE,W 106-101,34:00:00,12,34.0,40,15,23,4,6,9,12,6,11,5,1,0,2,7,Healthy,35.9,35.3,385.4,1.02,0.78,0.545,7.0,0.747,0.47,4.4,0.659,11,0.428,1: 0-999 min,First third,Normal
2022-23,2022-11-13,SAC,L 115-122,36:51:00,13,36.9,27,9,17,6,6,6,8,3,9,4,1,0,4,0,Healthy,36.3,35.4,422.3,1.03,0.687,0.333,0.0,0.77,0.479,6.8,0.659,12,0.428,1: 0-999 min,First third,Normal
2022-23,2022-11-14,SAS,W 132-95,27:01:00,14,27.0,16,5,11,3,3,2,4,3,7,5,1,0,1,17,Healthy,34.8,34.9,449.3,1.0,0.649,0.429,17.0,0.758,0.485,9.6,0.659,13,0.428,1: 0-999 min,First third,Normal
2022-23,2022-11-16,PHO,L 119-130,36:14:00,15,36.2,50,17,28,9,9,10,17,7,11,6,0,1,3,-14,Healthy,34.4,35.5,485.5,0.97,0.782,0.636,-14.0,0.753,0.505,6.0,0.659,14,0.428,1: 0-999 min,First third,Normal
2022-23,2022-11-18,NYK,W 111-101,33:50:00,16,33.8,24,9,19,1,3,4,6,5,13,10,2,0,5,18,Healthy,33.6,35.2,519.3,0.95,0.591,0.385,18.0,0.698,0.466,5.6,0.659,15,0.428,1: 0-999 min,First third,Normal
2022-23,2022-11-20,HOU,W 127-120,36:59:00,17,37.0,33,11,20,4,5,4,6,7,14,15,3,2,1,22,Healthy,34.2,35.0,556.3,0.98,0.743,0.5,22.0,0.691,0.457,8.6,0.659,16,0.428,1: 0-999 min,First third,Normal
2022-23,2022-11-23,LAC,W 124-107,31:41:00,19,31.7,22,9,20,0,0,5,10,4,10,9,0,0,1,18,Healthy,33.1,34.7,588.0,0.95,0.55,0.4,18.0,0.663,0.47,12.2,0.659,17,0.428,1: 0-999 min,First third,Normal
2022-23,2022-11-25,UTA,W 129-118,35:43:00,20,35.7,33,13,23,1,1,7,10,6,13,4,2,0,5,19,Healthy,34.9,34.8,623.7,1.0,0.704,0.462,19.0,0.674,0.477,12.6,0.659,18,0.428,1: 0-999 min,First third,Normal
2022-23,2022-11-27,MIN,W 137-114,32:37:00,21,32.6,25,7,17,7,7,3,6,4,11,8,1,0,7,22,Healthy,34.2,34.3,656.3,1.0,0.623,0.364,22.0,0.642,0.422,19.8,0.659,19,0.428,1: 0-999 min,First third,Normal
2022-23,2022-11-29,DAL,L 113-116,37:48:00,22,37.8,32,11,24,5,6,6,10,5,14,5,0,0,4,-12,Healthy,35.0,34.3,694.1,1.02,0.601,0.357,-12.0,0.644,0.416,13.8,0.659,20,0.428,1: 0-999 min,First third,Normal
2022-23,2022-12-02,CHI,W 119-111,33:23:00,23,33.4,19,6,16,3,3,2,8,4,8,6,0,1,6,-1,Healthy,34.2,34.2,727.5,1.0,0.548,0.5,-1.0,0.605,0.416,9.2,0.659,21,0.428,1: 0-999 min,Second third,Normal
2022-23,2022-12-03,HOU,W 120-101,34:32:00,24,34.5,30,10,21,2,3,2,4,8,17,10,1,1,4,19,Healthy,34.8,34.0,762.0,1.02,0.672,0.471,19.0,0.63,0.431,9.4,0.659,22,0.428,1: 0-999 min,Second third,Normal
2022-23,2022-12-05,IND,L 104-112,37:42:00,25,37.7,12,3,17,4,4,1,7,2,10,6,1,0,3,-17,Healthy,35.2,35.0,799.7,1.0,0.32,0.2,-17.0,0.553,0.378,2.2,0.659,23,0.428,1: 0-999 min,Second third,Normal
2022-23,2022-12-10,BOS,W 123-107,37:27:00,27,37.5,32,12,21,2,2,6,10,6,11,7,0,1,4,20,Healthy,36.2,35.2,837.2,1.03,0.731,0.545,20.0,0.574,0.415,1.8,0.659,24,0.428,1: 0-999 min,Second third,Normal
2022-23,2022-12-13,MIL,L 111-128,27:19:00,28,27.3,20,6,17,5,5,3,7,3,10,1,1,1,2,-20,Healthy,34.1,34.5,864.5,0.99,0.521,0.3,-20.0,0.558,0.403,0.2,0.659,25,0.428,1: 0-999 min,Second third,Normal
2022-23,2022-12-14,IND,L 119-125,29:33:00,29,29.6,38,11,19,11,11,6,9,5,10,7,2,1,3,-6,Healthy,33.3,33.8,894.1,0.99,0.797,0.5,-6.0,0.608,0.403,-0.8,0.659,26,0.428,1: 0-999 min,Second third,Normal
2022-23,2023-01-22,BRK,L 116-120,37:35:00,47,37.6,26,7,16,8,8,3,8,4,8,7,1,0,5,-8,Healthy,33.9,34.4,931.7,0.99,0.666,0.5,-8.0,0.607,0.409,-6.2,0.659,27,0.428,1: 0-999 min,Second third,Normal
2022-23,2023-01-25,MEM,W 122-120,34:47:00,48,34.8,34,10,19,10,11,6,11,4,8,3,2,0,3,-3,Healthy,33.4,34.3,966.5,0.97,0.713,0.5,-3.0,0.686,0.469,-3.4,0.659,28,0.428,1: 0-999 min,Second third,Normal
2022-23,2023-01-27,TOR,W 129-117,38:47:00,49,38.8,35,13,21,5,5,9,13,4,8,11,2,0,3,13,Healthy,33.6,34.9,1005.3,0.96,0.754,0.5,13.0,0.69,0.46,-4.8,0.659,29,0.428,2: 1000-1499 min,Second third,Normal
2022-23,2023-01-30,OKC,W 128-120,36:36:00,50,36.6,38,12,20,6,6,4,6,8,14,12,0,1,4,17,Healthy,35.5,34.8,1041.9,1.02,0.839,0.571,17.0,0.754,0.514,2.6,0.659,30,0.428,2: 1000-1499 min,Second third,Normal
2022-23,2023-02-01,MIN,L 114-119 (OT),42:22:00,51,42.4,29,8,21,8,9,3,9,5,12,3,1,1,4,-5,Healthy,38.0,35.7,1084.3,1.07,0.581,0.417,-5.0,0.711,0.498,2.8,0.659,31,0.428,2: 1000-1499 min,Second third,Normal
2022-23,2023-02-02,DEN,L 117-134,33:11:00,52,33.2,28,10,17,3,3,5,7,5,10,5,0,0,6,-16,Healthy,37.2,35.5,1117.5,1.05,0.764,0.5,-16.0,0.73,0.498,1.2,0.659,32,0.428,2: 1000-1499 min,Second third,Normal
2022-23,2023-02-04,DAL,W 119-113,25:33:00,53,25.6,21,7,11,5,5,5,5,2,6,7,0,0,0,14,Healthy,35.3,34.3,1143.1,1.03,0.795,0.333,14.0,0.747,0.464,4.6,0.659,33,0.428,2: 1000-1499 min,Second third,Normal
2022-23,2023-03-15,LAC,L 126-134,38:32:00,70,38.5,50,20,28,2,4,12,14,8,14,6,2,0,2,-11,Healthy,35.3,34.4,1181.6,1.02,0.84,0.571,-11.0,0.764,0.479,-0.2,0.659,34,0.428,2: 1000-1499 min,Second third,Normal
2022-23,2023-03-17,ATL,L 119-127,37:18:00,71,37.3,31,12,27,3,3,8,14,4,13,5,0,0,6,-1,Healthy,35.4,35.4,1218.9,1.0,0.547,0.308,-1.0,0.706,0.426,-3.8,0.659,35,0.428,2: 1000-1499 min,Second third,Normal
2022-23,2023-03-18,MEM,L 119-133,30:03:00,72,30.1,16,5,15,3,4,2,7,3,8,5,0,0,1,-10,Healthy,32.9,35.5,1249.0,0.93,0.477,0.375,-10.0,0.685,0.417,-4.8,0.659,36,0.428,2: 1000-1499 min,Second third,Normal
2022-23,2023-03-20,HOU,W 121-108,36:06:00,73,36.1,30,10,23,5,5,5,8,5,15,5,2,1,4,5,Healthy,33.5,35.3,1285.1,0.95,0.595,0.333,5.0,0.651,0.384,-0.6,0.659,37,0.428,2: 1000-1499 min,Second third,Fatigue_signal
2022-23,2023-03-22,DAL,W 127-125,34:42:00,74,34.7,20,9,18,0,0,7,10,2,8,13,0,0,3,10,Healthy,35.3,35.3,1319.8,1.0,0.556,0.25,10.0,0.603,0.367,-1.4,0.659,38,0.428,2: 1000-1499 min,Second third,Fatigue_signal
2022-23,2023-03-24,PHI,W 120-112,38:26:00,75,38.4,29,10,18,7,8,8,11,2,7,3,0,0,2,20,Healthy,35.3,35.3,1358.2,1.0,0.674,0.286,20.0,0.57,0.31,4.8,0.659,39,0.428,2: 1000-1499 min,Second third,Fatigue_signal
2022-23,2023-03-26,MIN,L 96-99,36:12:00,76,36.2,20,8,23,0,0,4,10,4,13,9,1,0,3,2,Healthy,35.1,35.3,1394.4,1.0,0.435,0.308,2.0,0.547,0.31,5.4,0.659,40,0.428,2: 1000-1499 min,Second third,Fatigue_signal
2022-23,2023-03-28,NOP,W 120-109,36:57:00,77,37.0,39,14,25,3,4,6,10,8,15,8,3,0,4,12,Healthy,36.5,34.7,1431.4,1.05,0.729,0.533,12.0,0.598,0.342,9.8,0.659,41,0.428,2: 1000-1499 min,Final third,Fatigue_signal
2022-23,2023-03-31,SAS,W 130-115,32:43:00,78,32.7,33,11,21,4,4,4,10,7,11,5,0,0,1,-3,Healthy,35.8,34.7,1464.1,1.03,0.725,0.636,-3.0,0.624,0.403,8.2,0.659,42,0.428,2: 1000-1499 min,Final third,Fatigue_signal
2022-23,2023-04-02,DEN,L 110-112,36:53:00,79,36.9,21,8,28,3,3,6,14,2,14,4,0,2,3,-5,Healthy,36.2,35.8,1501.0,1.01,0.358,0.143,-5.0,0.584,0.381,5.2,0.659,43,0.428,3: 1500-1999 min,Final third,Fatigue_signal
2022-23,2023-04-04,OKC,W 136-125,36:46:00,80,36.8,34,11,25,6,6,5,12,6,13,6,1,0,0,14,Healthy,35.9,35.6,1537.8,1.01,0.615,0.462,14.0,0.572,0.416,4.0,0.659,44,0.428,3: 1500-1999 min,Final third,Fatigue_signal
2022-23,2023-04-07,SAC,W 119-97,32:41:00,81,32.7,25,8,14,6,7,5,7,3,7,6,2,1,5,33,Healthy,35.2,35.2,1570.5,1.0,0.732,0.429,33.0,0.632,0.441,10.2,0.659,45,0.428,3: 1500-1999 min,Final third,Fatigue_signal
2022-23,2023-04-09,POR,W 157-101,22:27,82,22.4,26,9,15,3,3,4,5,5,10,7,0,0,1,26,Healthy,32.3,34.4,1592.9,0.94,0.797,0.5,26.0,0.645,0.434,13.0,0.659,46,0.428,3: 1500-1999 min,Final third,Fatigue_signal
2023-24,2023-10-24,PHO,L 104-108,30:45:00,1,30.8,27,8,20,7,7,4,6,4,14,1,1,0,2,-9,Healthy,30.8,30.8,30.8,1.0,0.585,0.286,-9.0,0.585,0.286,-9.0,0.611,1,0.405,1: 0-999 min,First third,Normal
2023-24,2023-10-27,SAC,W 122-114,34:50:00,2,34.8,41,14,19,6,6,7,9,7,10,4,2,0,4,10,Healthy,32.8,32.8,65.6,1.0,0.947,0.7,10.0,0.766,0.493,0.5,0.611,2,0.405,1: 0-999 min,First third,Normal
2023-24,2023-10-29,HOU,W 106-95,31:25:00,3,31.4,24,6,16,6,6,0,2,6,14,6,0,1,1,-2,Healthy,32.3,32.3,97.0,1.0,0.644,0.429,-2.0,0.725,0.471,-0.3,0.611,3,0.405,1: 0-999 min,First third,Normal
2023-24,2023-10-30,NOP,W 130-102,30:02:00,4,30.0,42,15,22,5,7,8,9,7,13,5,2,0,3,13,Healthy,31.8,31.8,127.0,1.0,0.837,0.538,13.0,0.753,0.488,3.0,0.611,4,0.405,1: 0-999 min,First third,Normal
2023-24,2023-11-01,SAC,W 102-101,32:20:00,5,32.3,21,7,15,3,3,3,5,4,10,3,0,0,7,-6,Healthy,31.9,31.9,159.3,1.0,0.643,0.4,-6.0,0.731,0.471,1.2,0.611,5,0.405,1: 0-999 min,First third,Normal
2023-24,2023-11-03,OKC,W 141-139,31:23:00,6,31.4,30,9,15,7,7,4,5,5,10,7,2,0,3,5,Healthy,32.0,31.8,190.7,1.01,0.83,0.5,5.0,0.78,0.513,4.0,0.611,6,0.405,1: 0-999 min,First third,Normal
2023-24,2023-11-05,CLE,L 104-115,30:49:00,7,30.8,28,8,16,5,6,1,5,7,11,4,1,0,6,-6,Healthy,31.2,31.6,221.5,0.99,0.751,0.636,-6.0,0.741,0.501,0.8,0.611,7,0.405,1: 0-999 min,First third,Normal
2023-24,2023-11-06,DET,W 120-109,32:37:00,8,32.6,34,12,26,3,4,5,9,7,17,4,0,0,3,17,Healthy,31.4,31.8,254.1,0.99,0.612,0.412,17.0,0.735,0.497,4.6,0.611,8,0.405,1: 0-999 min,First third,Normal
2023-24,2023-11-08,DEN,L 105-108,34:28:00,9,34.5,23,6,17,5,5,0,4,6,13,4,1,0,3,-10,Healthy,32.3,32.1,288.6,1.01,0.599,0.462,-10.0,0.687,0.482,0.0,0.611,9,0.405,1: 0-999 min,First third,Normal
2023-24,2023-11-11,CLE,L 110-118,32:33:00,10,32.5,30,9,24,8,8,5,10,4,14,2,1,1,4,-8,Healthy,32.4,32.1,321.1,1.01,0.545,0.286,-8.0,0.667,0.459,-0.4,0.611,10,0.405,1: 0-999 min,First third,Normal
2023-24,2023-11-12,MIN,L 110-116,36:07:00,11,36.1,38,11,25,11,12,6,12,5,13,3,1,0,5,-4,Healthy,33.3,32.6,357.2,1.02,0.627,0.385,-4.0,0.627,0.436,-2.2,0.611,11,0.405,1: 0-999 min,First third,Normal
2023-24,2023-11-18,OKC,L 123-130 (OT),40:16:00,14,40.3,25,8,21,4,4,3,10,5,11,3,0,0,2,0,Healthy,35.2,33.2,397.5,1.06,0.549,0.455,0.0,0.587,0.4,-1.0,0.611,12,0.405,1: 0-999 min,First third,Normal
2023-24,2023-11-20,HOU,W 121-116,34:47:00,15,34.8,32,8,14,11,12,3,5,5,9,1,0,0,4,-3,Healthy,35.6,33.5,432.3,1.06,0.83,0.556,-3.0,0.63,0.428,-5.0,0.611,13,0.405,1: 0-999 min,First third,Normal
2023-24,2023-11-22,PHO,L 115-123,27:42:00,16,27.7,16,6,15,3,3,5,7,1,8,6,0,0,2,-17,Healthy,34.3,33.3,460.0,1.03,0.49,0.125,-17.0,0.608,0.361,-6.4,0.611,14,0.405,1: 0-999 min,First third,Normal
2023-24,2023-11-24,SAS,W 118-112,34:49:00,17,34.8,35,11,20,6,6,4,6,7,14,6,1,0,6,4,Healthy,34.7,33.5,494.8,1.04,0.773,0.5,4.0,0.654,0.404,-4.0,0.611,15,0.405,1: 0-999 min,First third,Normal
2023-24,2023-11-28,SAC,L 123-124,37:03:00,18,37.0,29,8,20,9,9,4,8,4,12,6,0,1,5,7,Healthy,34.9,34.1,531.8,1.02,0.605,0.333,7.0,0.649,0.394,-1.8,0.611,16,0.405,1: 0-999 min,First third,Normal
2023-24,2023-11-30,LAC,W 120-114,33:00:00,19,33.0,26,8,15,7,9,5,6,3,9,8,1,1,2,-4,Healthy,33.5,34.3,564.8,0.97,0.686,0.333,-4.0,0.677,0.369,-2.6,0.611,17,0.405,1: 0-999 min,First third,Normal
2023-24,2023-12-02,LAC,L 112-113,36:36:00,20,36.6,22,7,18,4,4,3,9,4,9,11,0,0,2,2,Healthy,33.8,34.7,601.4,0.97,0.557,0.444,2.0,0.622,0.347,-1.6,0.611,18,0.405,1: 0-999 min,First third,Normal
2023-24,2023-12-06,POR,W 110-106,34:28:00,21,34.5,31,8,18,10,11,3,5,5,13,1,0,0,4,4,Healthy,35.2,34.7,635.9,1.01,0.679,0.385,4.0,0.66,0.399,2.6,0.611,19,0.405,1: 0-999 min,First third,Normal
2023-24,2023-12-08,OKC,L 136-138 (OT),40:21:00,22,40.4,34,10,20,8,8,4,8,6,12,3,1,0,3,-5,Healthy,36.3,35.5,676.3,1.02,0.723,0.5,-5.0,0.65,0.399,0.8,0.611,20,0.405,1: 0-999 min,First third,Normal
2023-24,2023-12-12,PHO,L 116-119,32:04:00,23,32.1,24,8,24,4,4,4,9,4,15,4,3,0,1,-15,Healthy,35.3,35.1,708.4,1.01,0.466,0.267,-15.0,0.622,0.386,-3.6,0.611,21,0.405,1: 0-999 min,Second third,Normal
2023-24,2023-12-14,LAC,L 113-121,34:02:00,24,34.0,17,5,17,4,4,2,4,3,13,4,0,0,1,-3,Healthy,35.5,34.5,742.4,1.03,0.453,0.231,-3.0,0.575,0.365,-3.4,0.611,22,0.405,1: 0-999 min,Second third,Normal
2023-24,2023-12-16,BRK,W 124-120,35:02:00,25,35.0,37,14,22,3,3,8,14,6,8,1,0,3,3,7,Healthy,35.2,34.5,777.4,1.02,0.793,0.75,7.0,0.623,0.426,-2.4,0.611,23,0.405,1: 0-999 min,Second third,Normal
2023-24,2023-12-17,POR,W 118-114,31:14:00,26,31.2,7,2,12,3,4,2,4,0,8,8,1,1,4,14,Healthy,34.5,34.9,808.6,0.99,0.254,0.0,14.0,0.538,0.349,-0.4,0.611,24,0.405,1: 0-999 min,Second third,Normal
2023-24,2023-12-19,BOS,W 132-126 (OT),38:18:00,27,38.3,33,11,21,5,5,5,10,6,11,6,0,0,4,8,Healthy,34.1,35.2,846.9,0.97,0.711,0.545,8.0,0.536,0.359,2.2,0.611,25,0.405,1: 0-999 min,Second third,Normal
2023-24,2023-12-22,WAS,W 129-118,26:54:00,28,26.9,30,9,18,4,5,1,5,8,13,7,0,1,2,-1,Healthy,33.1,34.2,873.8,0.97,0.743,0.615,-1.0,0.591,0.428,5.0,0.611,26,0.405,1: 0-999 min,Second third,Normal
2023-24,2023-12-23,POR,W 126-106,30:18:00,29,30.3,27,11,18,3,3,9,11,2,7,2,0,0,1,4,Healthy,32.3,33.9,904.1,0.95,0.699,0.286,4.0,0.64,0.439,6.4,0.611,27,0.405,1: 0-999 min,Second third,Normal
2023-24,2023-12-25,DEN,L 114-120,34:20:00,30,34.3,18,7,21,1,1,4,8,3,13,4,1,1,3,-26,Healthy,32.2,33.7,938.4,0.96,0.42,0.231,-26.0,0.565,0.335,-0.2,0.611,28,0.405,1: 0-999 min,Second third,Normal
2023-24,2023-12-28,MIA,L 102-114,31:42:00,31,31.7,13,3,15,5,6,1,7,2,8,5,2,1,1,-14,Healthy,32.3,33.4,970.1,0.97,0.368,0.25,-14.0,0.588,0.385,-5.8,0.611,29,0.405,1: 0-999 min,Second third,Normal
2023-24,2023-12-30,DAL,L 122-132,34:30:00,32,34.5,25,9,25,1,1,3,10,6,15,7,1,0,3,-6,Healthy,31.5,32.8,1004.6,0.96,0.491,0.4,-6.0,0.544,0.356,-8.6,0.611,30,0.405,2: 1000-1499 min,Second third,Fatigue_signal
2023-24,2024-01-02,ORL,W 121-115,35:14:00,33,35.2,36,12,20,8,11,8,11,4,9,6,4,1,2,12,Healthy,33.2,33.1,1039.8,1.0,0.725,0.444,12.0,0.541,0.322,-6.0,0.611,31,0.405,2: 1000-1499 min,Second third,Fatigue_signal
2023-24,2024-01-04,DEN,L 127-130,34:35:00,34,34.6,30,11,23,3,3,6,11,5,12,6,1,1,2,-1,Healthy,34.1,33.2,1074.4,1.03,0.617,0.417,-1.0,0.524,0.348,-7.0,0.611,32,0.405,2: 1000-1499 min,Second third,Fatigue_signal
2023-24,2024-01-05,DET,W 113-109,30:56:00,35,30.9,26,7,19,8,9,3,7,4,12,4,1,1,4,0,Healthy,33.4,32.8,1105.3,1.02,0.566,0.333,0.0,0.553,0.369,-1.8,0.611,33,0.405,2: 1000-1499 min,Second third,Fatigue_signal
2023-24,2024-01-07,TOR,L 118-133,29:51:00,36,29.9,9,2,14,5,5,2,5,0,9,6,0,0,2,-17,Healthy,33.0,32.7,1135.2,1.01,0.278,0.0,-17.0,0.535,0.319,-2.4,0.611,34,0.405,2: 1000-1499 min,Second third,Fatigue_signal
2023-24,2024-01-10,NOP,L 105-141,25:11:00,37,25.2,15,4,13,4,4,1,5,3,8,6,1,0,3,-4,Healthy,31.2,31.4,1160.4,0.99,0.508,0.375,-4.0,0.539,0.314,-2.0,0.611,35,0.405,2: 1000-1499 min,Second third,Fatigue_signal
2023-24,2024-01-12,CHI,W 140-131,35:10:00,38,35.2,27,8,24,5,5,2,9,6,15,9,1,0,1,5,Healthy,31.2,32.2,1195.6,0.97,0.515,0.4,5.0,0.497,0.305,-3.4,0.611,36,0.405,2: 1000-1499 min,Second third,Fatigue_signal
2023-24,2024-01-15,MEM,L 107-116,32:44:00,40,32.7,26,11,20,1,1,8,11,3,9,8,2,1,5,-2,Healthy,30.8,32.4,1228.3,0.95,0.636,0.333,-2.0,0.501,0.288,-3.6,0.611,37,0.405,2: 1000-1499 min,Second third,Fatigue_signal
2023-24,2024-01-24,ATL,W 134-112,31:18:00,41,31.3,25,7,16,6,6,2,8,5,8,8,0,0,1,9,Healthy,30.9,32.1,1259.6,0.96,0.671,0.625,9.0,0.522,0.347,-1.8,0.611,38,0.405,2: 1000-1499 min,Second third,Fatigue_signal
2023-24,2024-01-25,SAC,L 133-134,36:20:00,42,36.3,33,13,26,1,1,7,12,6,14,2,1,0,2,-8,Healthy,32.1,32.6,1295.9,0.99,0.624,0.429,-8.0,0.591,0.432,0.0,0.611,39,0.405,2: 1000-1499 min,Second third,Fatigue_signal
2023-24,2024-01-27,LAL,L 144-145 (2OT),43:25:00,43,43.4,46,17,35,3,3,8,14,9,21,7,1,0,4,-2,Healthy,35.8,33.5,1339.3,1.07,0.633,0.429,-2.0,0.616,0.443,0.4,0.611,40,0.405,2: 1000-1499 min,Second third,Normal
2023-24,2024-01-30,PHI,W 119-107,35:12:00,44,35.2,37,12,17,5,5,4,4,8,13,7,0,1,5,26,Healthy,35.8,33.5,1374.5,1.07,0.964,0.615,26.0,0.705,0.486,4.6,0.611,41,0.405,2: 1000-1499 min,Final third,Normal
2023-24,2024-02-02,MEM,W 121-101,32:16:00,45,32.3,20,6,16,4,4,2,7,4,9,6,1,0,3,12,Healthy,35.7,33.2,1406.8,1.07,0.563,0.444,12.0,0.691,0.508,7.4,0.611,42,0.405,2: 1000-1499 min,Final third,Normal
2023-24,2024-02-03,ATL,L 134-141 (OT),41:21:00,46,41.4,60,22,38,6,6,12,15,10,23,4,0,1,2,-1,Healthy,37.7,34.3,1448.2,1.1,0.738,0.435,-1.0,0.704,0.47,5.4,0.611,43,0.405,2: 1000-1499 min,Final third,Normal
2023-24,2024-02-05,BRK,W 109-98,34:17:00,47,34.3,29,12,24,1,1,8,13,4,11,3,0,0,4,6,Healthy,37.3,34.7,1482.5,1.07,0.593,0.364,6.0,0.698,0.457,8.2,0.611,44,0.405,2: 1000-1499 min,Final third,Normal
2023-24,2024-02-07,PHI,W 127-104,24:36:00,48,24.6,9,2,7,4,4,1,3,1,4,1,0,1,4,13,Healthy,33.6,34.7,1507.1,0.97,0.514,0.25,13.0,0.674,0.422,11.2,0.611,45,0.405,3: 1500-1999 min,Final third,Normal
2023-24,2024-02-08,IND,W 131-109,30:06:00,49,30.1,42,15,22,1,2,4,6,11,16,2,0,1,2,13,Healthy,32.5,34.2,1537.2,0.95,0.918,0.688,13.0,0.665,0.436,8.6,0.611,46,0.405,3: 1500-1999 min,Final third,Normal
2023-24,2024-02-10,PHO,W 113-112,33:52:00,50,33.9,30,10,22,1,2,1,6,9,16,6,1,0,3,10,Healthy,32.9,34.3,1571.1,0.96,0.656,0.563,10.0,0.684,0.46,8.2,0.611,47,0.405,3: 1500-1999 min,Final third,Normal
2023-24,2024-02-12,UTA,W 129-107,32:05:00,51,32.1,25,9,19,0,0,2,3,7,16,10,3,1,1,30,Healthy,31.0,34.4,1603.2,0.9,0.658,0.438,30.0,0.668,0.46,14.4,0.611,48,0.405,3: 1500-1999 min,Final third,Normal
2023-24,2024-02-14,LAC,L 125-130,34:39:00,52,34.6,41,15,31,2,2,6,12,9,19,5,0,0,4,-6,Healthy,31.1,34.2,1637.8,0.91,0.643,0.474,-6.0,0.678,0.482,12.0,0.611,49,0.405,3: 1500-1999 min,Final third,Normal
2023-24,2024-02-15,UTA,W 140-137,35:28:00,53,35.5,16,4,14,6,8,2,6,2,8,10,1,0,4,-2,Healthy,33.2,33.4,1673.3,1.0,0.457,0.25,-2.0,0.666,0.482,9.0,0.611,50,0.405,3: 1500-1999 min,Final third,Normal
2023-24,2024-02-22,LAL,W 128-110,31:47:00,54,31.8,32,12,24,2,2,6,11,6,13,8,3,0,1,25,Healthy,33.6,33.1,1705.1,1.02,0.643,0.462,25.0,0.611,0.437,11.4,0.611,51,0.405,3: 1500-1999 min,Final third,Normal
2023-24,2024-02-23,CHO,W 97-84,31:14:00,55,31.2,15,5,14,2,2,2,3,3,11,5,1,0,4,10,Healthy,33.0,33.0,1736.3,1.0,0.504,0.273,10.0,0.581,0.379,11.4,0.611,52,0.405,3: 1500-1999 min,Final third,Fatigue_signal
2023-24,2024-02-25,DEN,L 103-119,32:10:00,56,32.2,20,6,19,7,8,5,9,1,10,4,0,0,3,-22,Healthy,33.1,32.0,1768.5,1.03,0.444,0.1,-22.0,0.538,0.312,1.0,0.611,53,0.405,3: 1500-1999 min,Final third,Fatigue_signal
2023-24,2024-02-27,WAS,W 123-112,29:38:00,57,29.6,18,6,21,2,2,2,5,4,16,6,1,1,3,1,Healthy,32.1,31.6,1798.1,1.02,0.411,0.25,1.0,0.492,0.267,2.4,0.611,54,0.405,3: 1500-1999 min,Final third,Fatigue_signal
2023-24,2024-02-29,NYK,W 110-99,31:34:00,58,31.6,31,11,26,1,1,3,8,8,18,1,1,0,3,20,Healthy,31.3,32.3,1829.7,0.97,0.586,0.444,20.0,0.518,0.306,6.8,0.611,55,0.405,3: 1500-1999 min,Final third,Fatigue_signal
2023-24,2024-03-01,TOR,W 120-105,30:06:00,59,30.1,25,9,22,0,0,2,7,7,15,6,0,0,4,12,Healthy,30.9,32.3,1859.8,0.96,0.568,0.467,12.0,0.503,0.307,4.2,0.611,56,0.405,3: 1500-1999 min,Final third,Fatigue_signal
2023-24,2024-03-03,BOS,L 88-140,16:41,60,16.7,4,2,13,0,0,2,4,0,9,3,0,0,2,-29,Healthy,28.0,30.5,1876.5,0.92,0.154,0.0,-29.0,0.433,0.252,-3.6,0.611,57,0.405,3: 1500-1999 min,Final third,Fatigue_signal
2023-24,2024-03-06,MIL,W 125-90,30:46:00,61,30.8,29,10,18,3,4,4,8,6,10,5,0,0,2,15,Healthy,27.8,30.4,1907.3,0.91,0.734,0.6,15.0,0.491,0.352,3.8,0.611,58,0.405,3: 1500-1999 min,Final third,Fatigue_signal
2023-24,2024-03-07,CHI,L 122-125,28:42:00,62,28.7,15,5,18,2,2,2,6,3,12,1,0,0,2,9,Healthy,27.6,29.8,1936.0,0.92,0.397,0.25,9.0,0.488,0.352,5.4,0.611,59,0.405,3: 1500-1999 min,Final third,Fatigue_signal
2023-24,2024-03-16,LAL,W 128-121,33:52:00,66,33.9,31,12,24,4,5,9,14,3,10,5,2,0,1,4,Healthy,28.0,29.7,1969.9,0.95,0.592,0.3,4.0,0.489,0.323,2.2,0.611,60,0.405,3: 1500-1999 min,Final third,Fatigue_signal
2023-24,2024-03-18,NYK,L 112-119,33:19:00,67,33.3,27,8,20,7,7,4,7,4,13,5,0,0,2,-9,Healthy,28.7,29.8,2003.2,0.96,0.585,0.308,-9.0,0.492,0.292,-2.0,0.611,61,0.405,4: 2000+ min,Final third,Fatigue_signal
2023-24,2024-03-20,MEM,W 137-116,24:05:00,68,24.1,14,5,9,0,0,1,2,4,7,3,0,1,2,17,Healthy,30.2,29.1,2027.3,1.04,0.778,0.571,17.0,0.617,0.406,7.2,0.611,62,0.405,4: 2000+ min,Final third,Normal
2023-24,2024-03-22,IND,L 111-123,34:53:00,69,34.9,25,9,24,1,1,3,6,6,18,5,0,0,1,-13,Healthy,31.0,29.4,2062.2,1.05,0.511,0.333,-13.0,0.573,0.352,1.6,0.611,63,0.405,4: 2000+ min,Final third,Fatigue_signal
2023-24,2024-03-24,MIN,L 110-114,29:51:00,70,29.9,31,9,21,8,8,4,10,5,11,3,0,0,2,6,Healthy,31.2,29.4,2092.1,1.06,0.632,0.455,6.0,0.62,0.393,1.0,0.611,64,0.405,4: 2000+ min,Final third,Normal
2023-24,2024-03-26,MIA,W 113-92,31:01:00,71,31.0,17,7,15,0,0,4,5,3,10,6,0,0,1,19,Healthy,30.6,29.3,2123.1,1.04,0.567,0.3,19.0,0.615,0.393,4.0,0.611,65,0.405,4: 2000+ min,Final third,Normal
2023-24,2024-03-27,ORL,W 101-93,35:01:00,72,35.0,17,6,18,2,2,3,10,3,8,10,0,0,2,18,Healthy,31.0,29.8,2158.1,1.04,0.45,0.375,18.0,0.588,0.407,9.4,0.611,66,0.405,4: 2000+ min,Final third,Fatigue_signal
2023-24,2024-03-29,CHO,W 115-97,32:08:00,73,32.1,23,9,18,1,1,5,7,4,11,4,1,0,0,13,Healthy,32.6,31.4,2190.2,1.04,0.624,0.364,13.0,0.557,0.365,8.6,0.611,67,0.405,4: 2000+ min,Final third,Fatigue_signal
2023-24,2024-03-31,SAS,W 117-113,32:32:00,74,32.5,33,12,23,2,2,5,8,7,15,8,0,0,4,12,Healthy,32.1,31.5,2222.7,1.02,0.691,0.467,12.0,0.593,0.392,13.6,0.611,68,0.405,4: 2000+ min,Final third,Fatigue_signal
2023-24,2024-04-02,DAL,W 104-100,31:34:00,75,31.6,13,5,18,0,0,2,13,3,5,7,1,2,4,-4,Healthy,32.4,31.8,2254.3,1.02,0.361,0.6,-4.0,0.539,0.421,11.6,0.611,69,0.405,4: 2000+ min,Final third,Fatigue_signal
2023-24,2024-04-04,HOU,W 133-110,30:39:00,76,30.6,29,9,14,9,9,7,8,2,6,6,0,0,3,29,Healthy,32.4,31.5,2284.9,1.03,0.807,0.333,29.0,0.587,0.428,13.6,0.611,70,0.405,4: 2000+ min,Final third,Fatigue_signal
2023-24,2024-04-05,DAL,L 106-108,35:25:00,77,35.4,28,9,23,5,6,4,9,5,14,5,1,0,2,-5,Healthy,32.4,31.7,2320.3,1.02,0.546,0.357,-5.0,0.606,0.424,9.0,0.611,71,0.405,4: 2000+ min,Final third,Fatigue_signal
2023-24,2024-04-09,LAL,W 134-120,32:19:00,79,32.3,23,7,9,3,4,1,3,6,6,8,1,2,1,13,Healthy,32.5,32.5,2352.6,1.0,1.069,1.0,13.0,0.695,0.551,9.0,0.611,72,0.405,4: 2000+ min,Final third,Normal
2023-24,2024-04-11,POR,W 100-92,36:22:00,80,36.4,22,8,22,1,1,3,6,5,16,8,1,2,2,7,Healthy,33.3,32.7,2389.0,1.02,0.49,0.313,7.0,0.655,0.521,8.0,0.611,73,0.405,4: 2000+ min,Final third,Normal
2023-24,2024-04-12,NOP,L 109-114,32:23:00,81,32.4,33,12,23,2,2,5,10,7,13,5,1,0,7,-8,Healthy,33.4,32.9,2421.4,1.01,0.691,0.538,-8.0,0.721,0.508,7.2,0.611,74,0.405,4: 2000+ min,Final third,Normal
2024-25,2024-10-23,POR,W 140-104,25:04:00,1,25.1,17,4,10,6,6,1,3,3,7,10,2,0,2,23,Healthy,25.1,25.1,25.1,1.0,0.672,0.429,23.0,0.672,0.429,23.0,0.612,1,0.392,1: 0-999 min,First third,Normal
2024-25,2024-10-25,UTA,W 127-86,27:25:00,2,27.4,20,7,20,2,2,3,7,4,13,4,2,0,3,22,Healthy,26.3,26.3,52.5,1.0,0.479,0.308,22.0,0.576,0.368,22.5,0.612,2,0.392,1: 0-999 min,First third,Normal
2024-25,2024-10-27,LAC,L 104-112,26:42:00,3,26.7,18,6,11,2,2,2,4,4,7,6,2,1,6,2,Healthy,26.4,26.4,79.2,1.0,0.758,0.571,2.0,0.636,0.436,15.7,0.612,3,0.392,1: 0-999 min,First third,Normal
2024-25,2024-11-04,WAS,W 125-112,24:05:00,7,24.1,24,7,15,6,6,3,6,4,9,6,0,0,2,9,Healthy,25.8,25.8,103.3,1.0,0.68,0.444,9.0,0.647,0.438,14.0,0.612,4,0.392,1: 0-999 min,First third,Normal
2024-25,2024-11-06,BOS,W 118-112,34:23:00,8,34.4,27,8,17,7,7,4,8,4,9,9,4,1,3,7,Healthy,27.5,27.5,137.7,1.0,0.672,0.444,7.0,0.652,0.439,12.6,0.612,5,0.392,1: 0-999 min,First third,Normal
2024-25,2024-11-08,CLE,L 117-136,23:46,9,23.8,12,5,10,1,1,4,6,1,4,2,2,0,6,-25,Healthy,27.3,26.9,161.5,1.01,0.575,0.25,-25.0,0.633,0.404,3.0,0.612,6,0.392,1: 0-999 min,First third,Normal
2024-25,2024-11-10,OKC,W 127-116,36:30:00,10,36.5,36,13,23,3,4,6,10,7,13,7,1,1,3,21,Healthy,29.1,28.3,198.0,1.03,0.727,0.538,21.0,0.682,0.45,2.8,0.612,7,0.392,1: 0-999 min,First third,Normal
2024-25,2024-11-12,DAL,W 120-117,34:52:00,11,34.9,37,14,27,4,5,9,15,5,12,9,1,2,4,24,Healthy,30.7,29.1,232.9,1.06,0.634,0.417,24.0,0.658,0.419,7.2,0.612,8,0.392,1: 0-999 min,First third,Normal
2024-25,2024-11-15,MEM,W 123-118,26:01:00,12,26.0,13,4,9,2,2,1,2,3,7,5,4,0,3,9,Healthy,31.1,28.8,258.9,1.08,0.658,0.429,9.0,0.653,0.416,7.2,0.612,9,0.392,1: 0-999 min,First third,Normal
2024-25,2024-11-18,LAC,L 99-102,32:23:00,13,32.4,26,10,21,0,0,4,6,6,15,6,0,1,3,-5,Healthy,30.7,29.1,291.3,1.05,0.619,0.4,-5.0,0.642,0.407,4.8,0.612,10,0.392,1: 0-999 min,First third,Normal
2024-25,2024-11-20,ATL,W 120-97,30:12:00,14,30.2,23,7,10,5,5,3,4,4,6,8,2,1,5,27,Healthy,32.0,29.6,321.5,1.08,0.943,0.667,27.0,0.716,0.49,15.2,0.612,11,0.392,1: 0-999 min,First third,Normal
2024-25,2024-11-22,NOP,W 112-108,33:08:00,15,33.1,19,6,13,3,3,2,6,4,7,7,1,1,4,4,Healthy,31.3,30.2,354.6,1.04,0.663,0.571,4.0,0.703,0.497,11.8,0.612,12,0.392,1: 0-999 min,First third,Normal
2024-25,2024-11-23,SAS,L 94-104,32:00:00,16,32.0,14,5,16,1,1,2,6,3,10,5,0,0,3,4,Healthy,30.7,30.7,386.6,1.0,0.426,0.3,4.0,0.662,0.473,7.8,0.612,13,0.392,1: 0-999 min,First third,Normal
2024-25,2024-11-25,BRK,L 120-128,29:28:00,17,29.5,28,8,17,4,4,0,1,8,16,7,1,0,3,-4,Healthy,31.4,31.3,416.1,1.01,0.746,0.5,-4.0,0.679,0.488,5.2,0.612,14,0.392,1: 0-999 min,First third,Normal
2024-25,2024-11-30,PHO,L 105-113,32:24:00,19,32.4,23,8,21,4,5,5,11,3,10,4,0,0,0,4,Healthy,31.4,31.1,448.5,1.01,0.496,0.3,4.0,0.655,0.468,7.0,0.612,15,0.392,1: 0-999 min,First third,Normal
2024-25,2024-12-03,DEN,L 115-119,34:18:00,20,34.3,24,8,23,4,4,4,8,4,15,11,0,0,5,5,Healthy,32.3,32.1,482.8,1.0,0.485,0.267,5.0,0.563,0.388,2.6,0.612,16,0.392,1: 0-999 min,First third,Normal
2024-25,2024-12-06,MIN,L 90-107,32:08:00,22,32.1,23,6,17,8,8,3,8,3,9,4,0,0,3,-3,Healthy,32.1,31.7,514.9,1.01,0.56,0.333,-3.0,0.543,0.34,1.2,0.612,17,0.392,1: 0-999 min,First third,Normal
2024-25,2024-12-08,MIN,W 114-106,34:36:00,23,34.6,30,8,18,9,11,3,7,5,11,8,1,0,3,14,Healthy,32.6,31.7,549.5,1.03,0.657,0.455,14.0,0.589,0.371,3.2,0.612,18,0.392,1: 0-999 min,First third,Normal
2024-25,2024-12-11,HOU,L 90-91,33:40:00,24,33.7,19,8,17,0,1,5,8,3,9,5,2,1,1,4,Healthy,33.4,32.4,583.2,1.03,0.545,0.333,4.0,0.548,0.338,4.8,0.612,19,0.392,1: 0-999 min,First third,Normal
2024-25,2024-12-15,DAL,L 133-143,35:26:00,25,35.4,26,9,19,1,1,2,6,7,13,10,1,0,2,-10,Healthy,34.0,32.7,618.6,1.04,0.669,0.538,-10.0,0.583,0.385,2.0,0.612,20,0.392,1: 0-999 min,First third,Normal
2024-25,2024-12-19,MEM,L 93-144,24:22:00,26,24.4,2,0,7,2,2,0,1,0,6,1,1,1,2,-41,Healthy,32.0,32.1,643.0,1.0,0.127,0.0,-41.0,0.512,0.332,-7.2,0.612,21,0.392,1: 0-999 min,Second third,Normal
2024-25,2024-12-21,MIN,W 113-103,34:13:00,27,34.2,31,10,21,4,5,3,5,7,16,10,1,0,1,20,Healthy,32.5,32.3,677.2,1.01,0.668,0.438,20.0,0.533,0.353,-2.6,0.612,22,0.392,1: 0-999 min,Second third,Normal
2024-25,2024-12-23,IND,L 105-111,35:25:00,28,35.4,10,2,13,4,4,0,4,2,9,7,0,3,3,6,Healthy,32.6,32.6,712.6,1.0,0.339,0.222,6.0,0.469,0.306,-4.2,0.612,23,0.392,1: 0-999 min,Second third,Normal
2024-25,2024-12-25,LAL,L 113-115,35:37:00,29,35.6,38,14,24,2,2,6,9,8,15,6,0,0,4,-1,Healthy,33.0,33.2,748.2,0.99,0.764,0.533,-1.0,0.513,0.346,-5.2,0.612,24,0.392,1: 0-999 min,Second third,Normal
2024-25,2024-12-28,PHO,W 109-105,35:03:00,31,35.0,22,9,22,0,0,5,9,4,13,6,1,0,5,20,Healthy,32.9,33.5,783.2,0.98,0.5,0.308,20.0,0.479,0.3,0.8,0.612,25,0.392,1: 0-999 min,Second third,Normal
2024-25,2024-12-30,CLE,L 95-113,29:05:00,32,29.1,11,4,14,0,0,1,3,3,11,3,1,1,1,-2,Healthy,33.9,33.0,812.3,1.03,0.393,0.273,-2.0,0.533,0.355,8.6,0.612,26,0.392,1: 0-999 min,Second third,Normal
2024-25,2025-01-02,PHI,W 139-105,29:49:00,33,29.8,30,11,15,0,0,3,7,8,8,10,1,0,2,32,Healthy,33.0,32.7,842.1,1.01,1.0,1.0,32.0,0.599,0.467,11.0,0.612,27,0.392,1: 0-999 min,Second third,Normal
2024-25,2025-01-05,SAC,L 99-129,29:42:00,35,29.7,26,8,12,6,6,4,4,4,8,0,1,0,4,-17,Healthy,31.8,32.2,871.8,0.99,0.888,0.5,-17.0,0.709,0.523,6.4,0.612,28,0.392,1: 0-999 min,Second third,Normal
2024-25,2025-01-07,MIA,L 98-114,33:24:00,36,33.4,31,11,22,1,1,3,5,8,17,0,1,2,4,-10,Healthy,31.4,32.2,905.2,0.98,0.691,0.471,-10.0,0.694,0.51,4.6,0.612,29,0.392,1: 0-999 min,Second third,Normal
2024-25,2025-01-09,DET,W 107-104,36:08:00,37,36.1,17,5,21,5,5,3,7,2,14,6,2,0,3,-14,Healthy,31.6,32.3,941.3,0.98,0.366,0.143,-14.0,0.668,0.477,-2.2,0.612,30,0.392,1: 0-999 min,Second third,Normal
2024-25,2025-01-13,TOR,L 101-104,35:00:00,39,35.0,26,9,17,4,4,5,7,4,10,7,1,0,4,0,Healthy,32.8,33.3,976.3,0.98,0.693,0.4,0.0,0.728,0.503,-1.8,0.612,31,0.392,1: 0-999 min,Second third,Normal
2024-25,2025-01-15,MIN,W 116-115,37:20:00,40,37.3,31,10,21,4,4,3,9,7,12,8,1,0,1,-1,Healthy,34.3,33.6,1013.6,1.02,0.681,0.583,-1.0,0.664,0.419,-8.4,0.612,32,0.392,2: 1000-1499 min,Second third,Normal
2024-25,2025-01-18,WAS,W 122-114,34:14:00,41,34.2,26,10,22,2,2,6,8,4,14,6,1,1,1,7,Healthy,35.2,33.5,1047.8,1.05,0.568,0.286,7.0,0.6,0.376,-3.6,0.612,33,0.392,2: 1000-1499 min,Second third,Fatigue_signal
2024-25,2025-01-20,BOS,L 85-125,27:27:00,42,27.4,18,6,16,2,2,2,4,4,12,4,2,0,3,-15,Healthy,34.0,32.7,1075.2,1.04,0.533,0.333,-15.0,0.568,0.349,-4.6,0.612,34,0.392,2: 1000-1499 min,Second third,Fatigue_signal
2024-25,2025-01-22,SAC,L 117-123,33:50:00,43,33.8,14,6,11,1,1,5,7,1,4,12,0,0,3,2,Healthy,33.5,32.6,1109.0,1.03,0.612,0.25,2.0,0.617,0.37,-1.4,0.612,35,0.392,2: 1000-1499 min,Second third,Normal
2024-25,2025-01-23,CHI,W 131-106,30:47:00,44,30.8,21,8,19,0,0,3,7,5,12,7,0,0,3,4,Healthy,32.7,32.8,1139.8,1.0,0.553,0.417,4.0,0.589,0.374,-0.6,0.612,36,0.392,2: 1000-1499 min,Second third,Fatigue_signal
2024-25,2025-01-25,LAL,L 108-118,32:09:00,45,32.1,13,4,17,3,4,2,8,2,9,9,2,0,3,-17,Healthy,31.7,33.0,1171.9,0.96,0.346,0.222,-17.0,0.522,0.302,-3.8,0.612,37,0.392,2: 1000-1499 min,Second third,Fatigue_signal
2024-25,2025-01-29,OKC,W 116-109,33:17:00,47,33.3,21,6,15,4,4,1,5,5,10,4,1,0,0,-2,Healthy,31.5,33.3,1205.2,0.94,0.626,0.5,-2.0,0.534,0.344,-5.6,0.612,38,0.392,2: 1000-1499 min,Second third,Fatigue_signal
2024-25,2025-01-31,PHO,L 105-130,31:13:00,48,31.2,14,5,14,3,3,4,8,1,6,3,0,2,2,-18,Healthy,32.2,33.1,1236.4,0.97,0.457,0.167,-18.0,0.519,0.311,-6.2,0.612,39,0.392,2: 1000-1499 min,Second third,Fatigue_signal
2024-25,2025-02-03,ORL,W 104-99,34:18:00,49,34.3,24,7,21,8,8,5,9,2,12,5,1,0,3,8,Healthy,32.3,32.9,1270.7,0.98,0.489,0.167,8.0,0.494,0.294,-5.0,0.612,40,0.392,2: 1000-1499 min,Second third,Fatigue_signal
2024-25,2025-02-05,UTA,L 128-131,34:44:00,50,34.7,32,12,31,2,2,6,13,6,18,7,0,1,3,-21,Healthy,33.1,32.9,1305.4,1.01,0.502,0.333,-21.0,0.484,0.278,-10.0,0.612,41,0.392,2: 1000-1499 min,Final third,Fatigue_signal
2024-25,2025-02-06,LAL,L 112-120,37:05:00,51,37.1,37,13,35,5,5,7,15,6,20,4,1,1,4,-3,Healthy,34.1,32.9,1342.5,1.04,0.497,0.3,-3.0,0.514,0.293,-7.2,0.612,42,0.392,2: 1000-1499 min,Final third,Fatigue_signal
2024-25,2025-02-08,CHI,W 132-111,33:56:00,52,33.9,34,10,19,6,8,2,3,8,16,6,0,1,4,23,Healthy,34.2,32.9,1376.4,1.04,0.755,0.5,23.0,0.54,0.293,-2.2,0.612,43,0.392,2: 1000-1499 min,Final third,Fatigue_signal
2024-25,2025-02-10,MIL,W 125-111,33:59:00,53,34.0,38,12,24,8,9,6,8,6,16,4,0,0,2,8,Healthy,34.8,33.5,1410.4,1.04,0.68,0.375,8.0,0.585,0.335,3.0,0.612,44,0.392,2: 1000-1499 min,Final third,Fatigue_signal
2024-25,2025-02-12,DAL,L 107-111,37:10:00,54,37.2,25,9,23,3,4,5,10,4,13,8,2,0,4,4,Healthy,35.4,33.9,1447.6,1.04,0.505,0.308,4.0,0.588,0.363,2.2,0.612,45,0.392,2: 1000-1499 min,Final third,Fatigue_signal
2024-25,2025-02-13,HOU,W 105-98,35:17:00,55,35.3,27,7,17,8,9,2,4,5,13,3,0,0,1,7,Healthy,35.5,34.3,1482.9,1.03,0.644,0.385,7.0,0.616,0.373,7.8,0.612,46,0.392,2: 1000-1499 min,Final third,Normal
2024-25,2025-02-21,SAC,W 132-108,30:45:00,56,30.8,20,7,13,2,2,3,4,4,9,6,2,0,1,0,Healthy,34.2,34.2,1513.7,1.0,0.72,0.444,0.0,0.661,0.402,8.4,0.612,47,0.392,3: 1500-1999 min,Final third,Normal
2024-25,2025-02-23,DAL,W 126-102,28:34:00,57,28.6,30,12,20,3,3,9,12,3,8,7,1,0,2,14,Healthy,33.2,33.7,1542.3,0.98,0.704,0.375,14.0,0.65,0.377,6.6,0.612,48,0.392,3: 1500-1999 min,Final third,Normal
2024-25,2025-02-25,CHO,W 128-92,23:39,58,23.6,15,6,14,1,1,4,5,2,9,6,1,0,2,26,Healthy,31.1,33.0,1565.9,0.94,0.519,0.222,26.0,0.618,0.347,10.2,0.612,49,0.392,3: 1500-1999 min,Final third,Normal
2024-25,2025-02-27,ORL,W 121-115,34:18:00,59,34.3,56,16,25,12,12,4,6,12,19,3,2,0,4,15,Healthy,30.5,33.0,1600.2,0.93,0.925,0.632,15.0,0.702,0.412,12.4,0.612,50,0.392,3: 1500-1999 min,Final third,Normal
2024-25,2025-03-01,PHI,L 119-126,36:27:00,60,36.5,29,10,18,4,4,5,6,5,12,13,1,0,3,12,Healthy,30.8,33.1,1636.7,0.93,0.734,0.417,12.0,0.72,0.418,13.4,0.612,51,0.392,3: 1500-1999 min,Final third,Normal
2024-25,2025-03-03,CHO,W 119-101,30:15:00,61,30.3,21,6,14,6,8,3,5,3,9,10,1,1,1,13,Healthy,30.7,32.5,1667.0,0.94,0.599,0.333,13.0,0.696,0.396,16.0,0.612,52,0.392,3: 1500-1999 min,Final third,Normal
2024-25,2025-03-04,NYK,W 114-102,33:06:00,62,33.1,28,10,21,3,3,5,12,5,9,9,2,0,2,23,Healthy,31.6,32.4,1700.1,0.97,0.627,0.556,23.0,0.681,0.432,17.8,0.612,53,0.392,3: 1500-1999 min,Final third,Normal
2024-25,2025-03-06,BRK,W 121-119,35:36:00,63,35.6,40,12,20,9,9,5,7,7,13,4,0,0,5,-16,Healthy,34.0,32.5,1735.7,1.04,0.835,0.538,-16.0,0.744,0.495,9.4,0.612,54,0.392,3: 1500-1999 min,Final third,Normal
2024-25,2025-03-08,DET,W 115-110,33:27:00,64,33.5,32,8,22,12,12,4,7,4,15,4,1,0,4,11,Healthy,33.8,32.2,1769.2,1.05,0.587,0.267,11.0,0.676,0.422,8.6,0.612,55,0.392,3: 1500-1999 min,Final third,Normal
2024-25,2025-03-10,POR,W 130-120,34:01:00,65,34.0,24,6,14,7,7,1,3,5,11,3,2,0,4,6,Healthy,33.3,32.0,1803.2,1.04,0.703,0.455,6.0,0.67,0.43,7.4,0.612,56,0.392,3: 1500-1999 min,Final third,Normal
2024-25,2025-03-13,SAC,W 130-104,30:16:00,66,30.3,11,4,9,1,1,2,3,2,6,5,1,1,2,15,Healthy,33.3,32.0,1833.5,1.04,0.583,0.333,15.0,0.667,0.43,7.8,0.612,57,0.392,3: 1500-1999 min,Final third,Normal
2024-25,2025-03-15,NYK,W 97-94,35:00:00,67,35.0,28,8,20,8,9,4,7,4,13,5,0,1,3,-5,Healthy,33.7,32.6,1868.5,1.03,0.584,0.308,-5.0,0.658,0.38,2.2,0.612,58,0.392,3: 1500-1999 min,Final third,Normal
2024-25,2025-03-17,DEN,L 105-114,35:44:00,68,35.7,20,6,21,4,4,2,7,4,14,7,3,0,7,-7,Healthy,33.7,33.8,1904.2,1.0,0.439,0.286,-7.0,0.579,0.33,4.0,0.612,59,0.392,3: 1500-1999 min,Final third,Fatigue_signal
2024-25,2025-03-20,TOR,W 117-114,25:01:00,70,25.0,17,6,8,3,5,4,4,2,4,1,0,1,3,-7,Healthy,32.0,32.9,1929.2,0.97,0.833,0.5,-7.0,0.628,0.376,0.4,0.612,60,0.392,3: 1500-1999 min,Final third,Normal
2024-25,2025-03-28,NOP,W 111-95,33:54:00,73,33.9,23,7,21,4,5,2,5,5,16,6,3,0,1,10,Healthy,32.0,32.6,1963.1,0.98,0.496,0.313,10.0,0.587,0.348,1.2,0.612,61,0.392,3: 1500-1999 min,Final third,Fatigue_signal
2024-25,2025-03-30,SAS,W 148-106,25:48:00,74,25.8,13,4,10,3,3,2,6,2,4,6,1,1,0,24,Healthy,31.1,32.2,1988.9,0.97,0.574,0.5,24.0,0.585,0.381,3.0,0.612,62,0.392,3: 1500-1999 min,Final third,Fatigue_signal
2024-25,2025-04-01,MEM,W 134-125,36:31:00,75,36.5,52,16,31,8,8,4,11,12,20,8,5,1,2,17,Healthy,31.4,32.5,2025.4,0.96,0.753,0.6,17.0,0.619,0.44,7.4,0.612,63,0.392,4: 2000+ min,Final third,Normal
2024-25,2025-04-03,LAL,W 123-116,34:16:00,76,34.3,37,10,21,13,14,6,10,4,11,6,0,0,2,-1,Healthy,31.1,32.4,2059.7,0.96,0.681,0.364,-1.0,0.668,0.455,8.6,0.612,64,0.392,4: 2000+ min,Final third,Normal
2024-25,2025-04-04,DEN,W 118-104,32:11:00,77,32.2,36,13,24,3,3,6,9,7,15,5,2,0,2,6,Healthy,32.5,32.3,2091.9,1.01,0.711,0.467,6.0,0.643,0.449,11.2,0.612,65,0.392,4: 2000+ min,Final third,Normal
2024-25,2025-04-06,HOU,L 96-106,32:40:00,78,32.7,3,1,10,0,0,0,2,1,8,8,0,0,4,-4,Healthy,32.3,32.1,2124.6,1.0,0.15,0.125,-4.0,0.574,0.411,8.4,0.612,66,0.392,4: 2000+ min,Final third,Fatigue_signal
2024-25,2025-04-08,PHO,W 133-95,25:55:00,79,25.9,25,9,17,4,4,6,8,3,9,6,1,1,2,31,Healthy,32.3,31.7,2150.5,1.02,0.666,0.333,31.0,0.592,0.378,9.8,0.612,67,0.392,4: 2000+ min,Final third,Fatigue_signal
2024-25,2025-04-09,SAS,L 111-114,36:35:00,80,36.6,30,12,24,1,1,7,10,5,14,3,2,0,1,13,Healthy,32.3,31.9,2187.1,1.02,0.614,0.357,13.0,0.564,0.329,9.0,0.612,68,0.392,4: 2000+ min,Final third,Fatigue_signal
2024-25,2025-04-11,POR,W 103-86,27:20:00,81,27.3,14,6,14,0,0,4,6,2,8,5,0,1,1,8,Healthy,30.9,31.0,2214.4,1.0,0.5,0.25,8.0,0.528,0.306,10.8,0.612,69,0.392,4: 2000+ min,Final third,Fatigue_signal
2024-25,2025-04-13,LAC,L 119-124 (OT),38:00:00,82,38.0,36,10,20,9,9,3,8,7,12,6,2,0,8,-16,Healthy,32.1,32.3,2252.4,0.99,0.751,0.583,-16.0,0.536,0.33,6.4,0.612,70,0.392,4: 2000+ min,Final third,Fatigue_signal
2025-26,2025-10-21,LAL,W 119-109,32:04:00,1,32.1,23,6,14,8,8,3,5,3,9,4,3,1,2,1,Healthy,32.1,32.1,32.1,1.0,0.656,0.333,1.0,0.656,0.333,1.0,0.622,1,0.37,1: 0-999 min,First third,Normal
2025-26,2025-10-23,DEN,W 137-131 (OT),36:58:00,2,37.0,42,14,25,8,8,8,13,6,12,7,3,1,2,15,Healthy,34.6,34.6,69.1,1.0,0.736,0.5,15.0,0.696,0.417,8.0,0.622,2,0.37,1: 0-999 min,First third,Normal
2025-26,2025-10-24,POR,L 119-139,27:19:00,3,27.3,35,12,22,4,4,5,8,7,14,3,1,2,4,-13,Healthy,32.1,32.1,96.4,1.0,0.737,0.5,-13.0,0.71,0.444,1.0,0.622,3,0.37,1: 0-999 min,First third,Normal
2025-26,2025-10-27,MEM,W 131-118,29:42:00,4,29.7,16,5,11,2,2,1,2,4,9,3,0,0,1,17,Healthy,31.5,31.5,126.1,1.0,0.673,0.444,17.0,0.701,0.444,5.0,0.622,4,0.37,1: 0-999 min,First third,Normal
2025-26,2025-10-28,LAC,W 98-79,25:32:00,5,25.5,19,7,15,3,3,5,7,2,8,8,2,0,2,16,Healthy,30.3,30.3,151.6,1.0,0.582,0.25,16.0,0.677,0.406,7.2,0.622,5,0.37,1: 0-999 min,First third,Normal
2025-26,2025-10-30,MIL,L 110-120,34:57:00,6,35.0,27,8,19,7,8,4,9,4,10,4,1,0,5,-6,Healthy,30.9,31.1,186.6,0.99,0.599,0.4,-6.0,0.666,0.419,5.8,0.622,6,0.37,1: 0-999 min,First third,Normal
2025-26,2025-11-01,IND,L 109-114,29:07:00,7,29.1,24,8,23,4,5,4,7,4,16,2,1,0,5,-21,Healthy,29.3,30.8,215.7,0.95,0.476,0.25,-21.0,0.614,0.369,-1.4,0.622,7,0.37,1: 0-999 min,First third,Normal
2025-26,2025-11-04,PHO,W 118-107,33:32:00,8,33.5,28,9,23,5,5,4,11,5,12,3,1,1,2,7,Healthy,30.6,31.2,249.2,0.98,0.556,0.417,7.0,0.577,0.352,2.6,0.622,8,0.37,1: 0-999 min,First third,Normal
2025-26,2025-11-11,OKC,L 102-126,19:59,12,20.0,11,4,13,2,3,3,8,1,5,0,1,0,1,-23,Healthy,28.6,29.9,269.2,0.96,0.384,0.2,-23.0,0.519,0.303,-5.4,0.622,9,0.37,1: 0-999 min,First third,Normal
2025-26,2025-11-12,SAS,W 125-120,33:32:00,13,33.5,46,13,25,15,16,8,9,5,16,5,2,0,1,5,Healthy,30.2,30.3,302.7,1.0,0.718,0.313,5.0,0.547,0.316,-7.6,0.622,10,0.37,1: 0-999 min,First third,Normal
2025-26,2025-11-14,SAS,W 109-108,36:03:00,14,36.0,49,16,26,8,8,7,9,9,17,2,2,0,3,9,Healthy,30.4,30.7,338.7,0.99,0.83,0.529,9.0,0.593,0.342,-4.6,0.622,11,0.37,1: 0-999 min,First third,Normal
2025-26,2025-11-16,NOP,W 124-106,28:07:00,15,28.1,9,2,11,4,5,1,5,1,6,3,0,0,4,18,Healthy,30.2,29.8,366.8,1.02,0.341,0.167,18.0,0.566,0.325,3.2,0.622,12,0.37,1: 0-999 min,First third,Normal
2025-26,2025-11-18,ORL,L 113-121,34:13:00,16,34.2,34,12,23,3,5,5,8,7,15,9,3,0,5,-3,Healthy,30.4,30.5,401.0,1.0,0.675,0.467,-3.0,0.589,0.335,1.2,0.622,13,0.37,1: 0-999 min,First third,Normal
2025-26,2025-11-21,POR,L 123-127,33:39:00,18,33.6,38,14,23,1,1,5,6,9,17,4,0,0,3,-3,Healthy,33.1,30.9,434.6,1.07,0.811,0.529,-3.0,0.675,0.401,5.2,0.622,14,0.37,1: 0-999 min,First third,Normal
2025-26,2025-11-24,UTA,W 134-117,29:03:00,19,29.1,31,12,24,1,1,6,7,6,17,2,1,2,3,4,Healthy,32.2,31.2,463.7,1.03,0.634,0.353,4.0,0.658,0.409,5.0,0.622,15,0.37,1: 0-999 min,First third,Normal
2025-26,2025-11-26,HOU,L 100-104,32:45:00,20,32.8,14,4,13,4,4,2,4,2,9,5,0,2,7,5,Healthy,31.6,31.0,496.5,1.02,0.474,0.222,5.0,0.587,0.348,4.2,0.622,16,0.37,1: 0-999 min,First third,Normal
2025-26,2025-12-25,DAL,W 126-116,32:53:00,31,32.9,23,6,18,9,9,4,8,2,10,4,0,0,3,-3,Healthy,32.5,31.4,529.4,1.04,0.524,0.2,-3.0,0.623,0.354,0.0,0.622,17,0.37,1: 0-999 min,First third,Normal
2025-26,2025-12-28,TOR,L 127-141 (OT),41:09:00,32,41.1,39,12,30,11,11,8,19,4,11,4,1,1,4,0,Healthy,33.9,32.1,570.5,1.06,0.56,0.364,0.0,0.6,0.334,0.6,0.622,18,0.37,1: 0-999 min,First third,Normal
2025-26,2025-12-29,BRK,W 120-107,28:36:00,33,28.6,27,8,15,6,7,3,3,5,12,5,1,0,2,-6,Healthy,32.9,33.0,599.1,1.0,0.747,0.417,-6.0,0.588,0.311,0.0,0.622,19,0.37,1: 0-999 min,First third,Normal
2025-26,2025-12-31,CHO,W 132-125,33:07:00,34,33.1,26,9,16,3,3,4,6,5,10,4,0,1,5,11,Healthy,33.7,33.0,632.2,1.02,0.751,0.5,11.0,0.611,0.341,1.4,0.622,20,0.37,1: 0-999 min,First third,Normal
2025-26,2026-01-03,UTA,W 123-114,34:16:00,36,34.3,31,8,18,9,9,2,6,6,12,5,1,0,2,5,Healthy,34.0,32.8,666.5,1.04,0.706,0.5,5.0,0.657,0.396,1.4,0.622,21,0.37,1: 0-999 min,Second third,Normal
2025-26,2026-01-05,LAC,L 102-103,33:33:00,37,33.5,27,9,23,5,5,5,8,4,15,6,3,0,1,5,Healthy,34.1,33.3,700.0,1.02,0.536,0.267,5.0,0.66,0.409,3.0,0.622,22,0.37,1: 0-999 min,Second third,Normal
2025-26,2026-01-07,MIL,W 120-113,34:05:00,38,34.1,31,12,21,4,5,9,12,3,9,7,0,0,1,16,Healthy,32.7,33.3,734.1,0.98,0.668,0.333,16.0,0.681,0.403,6.2,0.622,23,0.37,1: 0-999 min,Second third,Normal
2025-26,2026-01-09,SAC,W 137-103,31:54:00,39,31.9,27,10,21,1,1,4,9,6,12,10,1,2,2,14,Healthy,33.4,33.1,766.0,1.01,0.63,0.5,14.0,0.658,0.42,10.2,0.622,24,0.37,1: 0-999 min,Second third,Normal
2025-26,2026-01-11,ATL,L 111-124,32:34:00,40,32.6,31,11,21,6,6,8,10,3,11,5,0,0,3,-9,Healthy,33.3,33.5,798.6,0.99,0.656,0.273,-9.0,0.639,0.375,6.2,0.622,25,0.37,1: 0-999 min,Second third,Normal
2025-26,2026-01-13,POR,W 119-97,24:31:00,41,24.5,7,2,9,1,1,0,1,2,8,11,1,0,1,8,Healthy,31.3,32.7,823.1,0.96,0.371,0.25,8.0,0.572,0.325,6.8,0.622,26,0.37,1: 0-999 min,Second third,Normal
2025-26,2026-01-15,NYK,W 126-113,33:51:00,42,33.9,27,10,17,3,3,6,8,4,9,7,1,1,3,3,Healthy,31.4,32.8,857.0,0.96,0.737,0.444,3.0,0.612,0.36,6.4,0.622,27,0.37,1: 0-999 min,Second third,Normal
2025-26,2026-01-17,CHO,W 136-116,29:35:00,43,29.6,14,6,12,0,0,4,4,2,8,5,0,0,3,2,Healthy,30.5,31.6,886.6,0.96,0.583,0.25,2.0,0.595,0.343,3.6,0.622,28,0.37,1: 0-999 min,Second third,Normal
2025-26,2026-01-19,MIA,W 135-112,27:48:00,44,27.8,19,6,13,2,2,1,3,5,10,11,0,0,3,3,Healthy,29.7,31.5,914.4,0.94,0.684,0.5,3.0,0.606,0.343,1.4,0.622,29,0.37,1: 0-999 min,Second third,Normal
2025-26,2026-01-20,TOR,L 127-145,24:41:00,45,24.7,16,6,16,2,3,4,9,2,7,3,1,0,1,-25,Healthy,28.1,30.7,939.1,0.92,0.462,0.286,-25.0,0.567,0.346,-1.8,0.622,30,0.37,1: 0-999 min,Second third,Normal
2025-26,2026-01-22,DAL,L 115-123,34:27:00,46,34.5,38,14,27,2,2,6,12,8,15,1,0,0,2,-24,Healthy,30.1,30.7,973.6,0.98,0.681,0.533,-24.0,0.63,0.403,-8.2,0.622,31,0.37,1: 0-999 min,Second third,Normal
2025-26,2026-01-25,MIN,W 111-85,27:38:00,47,27.6,26,7,18,9,9,4,8,3,10,7,4,0,2,16,Healthy,28.8,30.1,1001.2,0.96,0.592,0.3,16.0,0.601,0.374,-5.6,0.622,32,0.37,2: 1000-1499 min,Second third,Fatigue_signal
2025-26,2026-01-28,UTA,W 140-124,28:01:00,49,28.0,27,7,14,9,10,3,4,4,10,2,2,0,5,16,Healthy,28.5,29.5,1029.2,0.97,0.734,0.4,16.0,0.631,0.404,-2.8,0.622,33,0.37,2: 1000-1499 min,Second third,Normal
2025-26,2026-01-30,DET,L 124-131,25:24:00,50,25.4,23,7,16,5,5,3,6,4,10,2,0,1,4,-5,Healthy,28.0,28.9,1054.6,0.97,0.632,0.4,-5.0,0.62,0.384,-4.4,0.622,34,0.37,2: 1000-1499 min,Second third,Fatigue_signal